sentence,prediction
Bonjour madame,0
"Le goates are tres tres chic, only a litt√∂l crazy.
You can bring us a litt√∂l coffe and un pastry now, so we can enjoy our morning cigarette before going into union mandated nap time.
Wolves? Ah no worries, theuy are on strike",2
Hon hon,0
Such a beauty!!,0
"https://preview.redd.it/qqj4b60vlb3d1.jpeg?width=1290&format=pjpg&auto=webp&s=764454087c3225e6dc5e1fdd847603b6e3d7b73f

Her name is Marshadow :>",0
Good dog.,1
"Ok, now I need to know which hotel this is!",1
Actually crying with laughter at your sign off here,2
Germanshepherd,0
Spiked collar is what helps them mostly here in Anatolia.,1
we need more vids!,1
Orange? Her?,0
"https://preview.redd.it/82d9twy0lb3d1.jpeg?width=1080&format=pjpg&auto=webp&s=b5c40d6143076700cc7c1c6a18588e969d93076f

Bunny pose!",0
https://preview.redd.it/4ejta38zkb3d1.jpeg?width=3024&format=pjpg&auto=webp&s=f7cdee814b8ac82798271c21e35515cfae67cbf8,0
"https://preview.redd.it/u2uzejoxkb3d1.jpeg?width=4000&format=pjpg&auto=webp&s=7bb9c8c8cd536335204ae16de420d4bbd0b34867

She kinda do",0
He/She does not look juiced at all üòÜ,0
"https://preview.redd.it/nm1c93flkb3d1.jpeg?width=1099&format=pjpg&auto=webp&s=03258a162594024f0090987aafe6138b87d52d42

My pride and joy",1
She loves car rides.,0
The Cat Distribution Network has struck again,0
"Security, ma‚Äôam",0
Enjoy your stay.,1
I hope they have room for a 3rd sentinel!,0
What a cutie,0
Those eyes stare right into my soul ü•∞,1
"My childhood dog would hide every large treat we gave her, and she got really elaborate",1
I found the last one 3 years after she died.,0
Tell him to file his grievances through his union representative,0
Management will get back to them later after reviewing the contract.,0
Cute doggie maya ‚ù§Ô∏è,1
wtf is that special interest comment supposed to mean,2
People think that their cats and dogs are the sweetest and they all are correct!,0
Already hard at work making biscuits,2
What a cutie!!!,0
https://preview.redd.it/cj6nhgliib3d1.jpeg?width=4032&format=pjpg&auto=webp&s=cf88594086312b97ecb6d327d37eae7e8b366975,0
"""Everything I see I claim for my Kingdom.""",0
He's such a funny boy.,1
"https://preview.redd.it/rrn3z67rhb3d1.jpeg?width=2100&format=pjpg&auto=webp&s=5048ea79563a825fea16c5c0401231dddaf2152a

Rag√π is always ready for the camera!",1
Awwww,1
OP has a little pool of drool rolling down his arm.,2
Why would Jesus do this?,0
https://preview.redd.it/gscw3nkbhb3d1.jpeg?width=1334&format=pjpg&auto=webp&s=3cdf235cb8b6b0cd2dcf2dbe4f640e40af710e34,0
"If I were you, I would immediately give him a big bowl to eat",0
https://preview.redd.it/mw6c1a86hb3d1.jpeg?width=2448&format=pjpg&auto=webp&s=bc0cc5f3eada0d9182b5ca64e1115a14d4e7bdb5,0
I heard what I thought was a goat bleating in the woods,0
"I live in the country, lost goats happen",1
Instead I stumbled across a little baby fawn! I was so excited I completely forgot to take a picture before FaceTiming my mother to show her the baby,1
"Luckily she took a screenshot, though it‚Äôs potato quality",1
I left the fawn alone and about an hour later I saw the mom come back,0
"She was not happy with me being in close proximity to her baby, and she chuffed and stamped to let me know it!

https://preview.redd.it/luyldcvygb3d1.jpeg?width=414&format=pjpg&auto=webp&s=6fab1f16e0ec237c9acdaf5370f3f1f8243c18b0",2
Thats a kangal,0
I don't remember the name but there is a tiktok account I love of one who barks at a fence post cuz it(the wire nailed to the post) shocked his goats.,1
Awwwwü•∫ü•∞ yes! lol,1
I want one! So cute üòç,1
A happy family,1
I call it being surrounded by love,1
I'll lie there and bask in it knowing that I am in a bubble of pure love.,1
Theyre extremely dangerous,2
As well as being essentially poisonous they're also a huge chocking hazard,1
They should be illegal to sell.,2
yes my dog is doing the sameüòÇ,0
It seems scared,0
Are you in a safe?  That‚Äôs where I‚Äôd start,1
"No offence cats but you guys scare the f out of me and I‚Äôve only been attacked by a cat once 

Future cats have not harmed me",0
I'm sorry.,2
"https://preview.redd.it/90f2uf4agb3d1.jpeg?width=3024&format=pjpg&auto=webp&s=f4baf29ae0608a418645e4d5aa7a3d36aab94a8f

His favorite spot",1
https://preview.redd.it/9fx3vuc9gb3d1.jpeg?width=1440&format=pjpg&auto=webp&s=8f1b1abc95d2ffd39e205e292e100d454096f1a5,0
Princess Cat,0
Melancholy kitten,2
"All I ever got for rural charm in France was a hotel/farm in, um Ari√®ge? Haute-Garonne? Anyway, the pigeon coops were kinda cute (squab on the menu!), and the other farm animals were picturesque",1
Everything was great until the jackass started up with a great racket around 11 PM and continued braying intermittently until about 5 AM,1
"Not sure why he was so unsettled, but I did not love that.",2
Where is this?,0
You have been chosen,0
Oh he‚Äôs such a nice boi!,1
">https://idahonews.com/news/local/wolf-attack-kills-guard-dog-in-southern-oregon-09-28-2018

>Took me less than a minute...

Did you think I said wolves have never killed a dog?

https://www.cbc.ca/news/canada/north/family-dogs-take-on-wolf-pack-in-wrigley-n-w-t-1.2449967

https://www.reddit.com/r/BeAmazed/comments/y4j12g/a_sheep_comforts_a_dog_after_it_protects_their/&ved=2ahUKEwjh6d2op7KGAxVEhIkEHWRwC2EQjjh6BAgcEAE&usg=AOvVaw2S6hSSqv9dNYZMos9KRFPk

Only took me two minutes.


But I'm not going to sit here and argue back and forth as wolves are clearly your *special interest*",1
Seems pretty comfy to me,1
Ready for anything,1
More like puffy üòÅ,1
Cute family,1
well offuckingcourse they did,0
https://preview.redd.it/43nsqnocfb3d1.jpeg?width=1290&format=pjpg&auto=webp&s=dd79c8632671176511435162936e26cf5eef96bf,0
Opie is super cute!,1
"yeah, they aren't guarding her",0
They are hiding on the porch hoping something doesn't see them and messes with their goats.,0
Wow,1
It's beautiful,1
"https://idahonews.com/news/local/wolf-attack-kills-guard-dog-in-southern-oregon-09-28-2018

Took me less than a minute..",2
"Also there's a world of difference between wolves and coyotes.

You forget that wolves are pack animals, smarter and better organized than one or two dogs could ever be",1
"Just the numbers advantage doesn't go in dogs favour, let alone anything else",0
"I mean how can you so vehemently claim that a pack of wolves (4, 5, 6 animals) doesn't stand a chance against a single dog? Make it two dogs even.",2
"The dog is 12+ already, putting him on a diet won't significantly change his life, it's better to let him eat what he wants in his final years.",1
Thank you for sharing ü•πüòç,0
https://preview.redd.it/01lp4mcqeb3d1.jpeg?width=1080&format=pjpg&auto=webp&s=5abadf4be6423c81fec13c9a41d79b2021d455ec,0
The ones in video are Sivas Kangal breed if exactly,1
"The ones you have seen in Turkey are mostly a mix of two ,three different breeds.",1
She‚Äôs a rescue and we had her DNA tested,0
German Shepherd almost completely‚Ä¶,0
We love her to bits.,1
Wisconsin,0
A state in the US,0
I heard what I thought was a goat bleating in the woods,0
"I live in the country, lost goats happen",1
Instead I stumbled across a little baby fawn! I was so excited I completely forgot to take a picture before FaceTiming my mother to show her the baby,1
"Luckily she took a screenshot, though it‚Äôs potato quality",1
I left the fawn alone and about an hour later I saw the mom come back,0
"She was not happy with me being in close proximity to her baby, and she chuffed and stamped to let me know it!

https://preview.redd.it/weovi2lbeb3d1.jpeg?width=414&format=pjpg&auto=webp&s=2f8a074eff2ab4df5b0a84c7a42213e437c1c541",2
Maybe go around the neighborhood and ask your various neighbors if they're missing a cat?,2
Hahahahh tnx so much for this,1
Mr,0
Gibbs is a fine dog.,1
They are very sensitive animals and extremely loyal.,1
cute smile,1
"soon,",0
Omg bird dog?,0
Syrian hamsters are solitary animals and shouldn‚Äôt be housed together,0
"Even if they‚Äôre getting along now, they will fight eventually.",0
Mr,0
Gibbs know who is in charge,0
He is a doll.,0
Monday again,0
ü§©,0
Those side eyes omg,0
They tell it all what a wonderful good boy.,1
https://preview.redd.it/bxwd8wfldb3d1.jpeg?width=3024&format=pjpg&auto=webp&s=3d12bfadd316ef11bc971f4ffe71f5d73469f44a,0
Hahahah,0
"No, you can find multiple stories of livestock dogs taking on multiple wolves, or coyotes.

You forget wild animals aren't as inclined to risk their life fighting",1
While the dog basically is willing to die to defend it's livestock.,1
"Shepherd and Collie?


He has gorgeous eyes!",1
Without words ü•πüòç,0
"*her
She's my little princess",1
I love his eyes of happiness.,1
"wow, that's the treatment he/she deserves üíÖ",1
https://preview.redd.it/eekp4c52db3d1.jpeg?width=1080&format=pjpg&auto=webp&s=4f5056fc6738cf4d4ec4dd5f06237bd5fe57da80,0
Yep,0
"Mine likes cool, hard surfaces",1
I got her a cooling mat and she wants nothing to do with it.,1
Animals are not people ffs,0
Do you want to trek into the wild to give wolves crocheted wraps?,1
Beautiful views from here,1
"A pack of wolves surely has more than just a chance against two dogs, whatever breed they might be.",1
https://preview.redd.it/xtme79upcb3d1.jpeg?width=3000&format=pjpg&auto=webp&s=8ff7b66366d6a341237e63f126e2742edc806945,0
Happy birthday,1
Happy birthday sweet fluff ball!,1
Same bro,0
Wow,1
https://preview.redd.it/jbpplt1hcb3d1.jpeg?width=4624&format=pjpg&auto=webp&s=530b5332e34ed8d05d052173950b2b9b843880b7,0
100% cutie bear,0
It can't be üòçü•∞,0
It‚Äôs always satisfying to see the look of loving content on a dogs face.,1
Baby üíïüíï,0
"""Eh, 'ow you say...errr....le woof! """,0
"...what the fuck is this comment???

This is a video of a dog with a bone",2
The hell are you on about?,0
They goat to make sure you have a good time.,1
That friendship ü•πü´∂üèº,0
Cute? Yes,1
But they are expensive killing machines,2
Wolves have no chance.,0
Give him his damn √ìscar,0
"Pro Tip: Your SO is way more likely to agree to let you keep a pet you ""found in a drain pipe"" than one you bought/adopted.",1
I‚Äôm just glad this pup was able to survive feral children and eat ice cream in his old age ü§∑üèΩ‚Äç‚ôÄÔ∏è,1
Dog tax?,0
So many photos to choose from‚Ä¶,1
"Hahaha

https://preview.redd.it/y7siyncgbb3d1.jpeg?width=3024&format=pjpg&auto=webp&s=aed0217ade07d9b75fb62f7ff616fb11d46b02e0",1
It's my dream to be able to get like this and be comfortable.,1
https://preview.redd.it/l8phgqq2bb3d1.jpeg?width=3024&format=pjpg&auto=webp&s=53eba1f41c62d17c934efe8f346d95973d646e7d,0
I like Magasin from Chewy,0
They fit my cat really well and come in cute prints too.,1
"Oh yeah, if you have plainly visible deer crackers you are super popular until they‚Äôre gone lolol",1
Goshh why are they so beautiful?,1
"What a lil peekaboo baby, with them big ol eyes!",0
"Thankfully this cat grew up around dogs, the owner said",0
"And my dog is just the sweetest little thing, and has always been obsessed with cats",2
It did take him a good couple of days (like 3 or 4) to really finally calm down,1
"There were moments in there of calm though, so I knew he'd eventually settle for real",1
"Plus the cat loves him too, they follow each other around the house and the cat waits at the front door for us to get back from walks to get kisses and sniffs from Murph",2
It's super cute.,1
Nice name Mr,1
Gibbs hats of to you,0
*Nervous laughter intensifies*,0
Thank you üòä‚ù§Ô∏è,0
Fawns are the most adorable creatures,1
Thank you for keeping him/her safe,1
"https://preview.redd.it/lelyvssr9b3d1.png?width=1080&format=pjpg&auto=webp&s=eab4236736da090eb151df45a0af9125996982f7

Dexter.",0
Way to go Bellle,0
"You obviously have too much living, sniffing, snoozing and eating to do to let a stupid illness get the better of you.
You're beautiful and I'm so glad to see your person obviously loves you very much.",1
as you well deserve,0
Happy dog posts are my favourite thing on Reddit! üòÅü•∞üêæüòò‚ù§Ô∏è,1
‚ò∫Ô∏è‚ò∫Ô∏è,0
He says thank you üêæüòä,0
Hehe he is ‚ù§Ô∏èüêæ,0
"Being an infant must be surreal, you go to sleep at home and wake up in a kmart inside of a stroller.",0
"Obesity is not something that requires a vet to talk about.

Also most likely if the dog did see a vet recently, they've already been informed about the problem.",1
That‚Äôs a cute looking bunny.,1
I have one,0
Exactly the female version of these two,1
"Identical markings, and I left the ears intact, also",0
They definitely love the cold,2
"If there wasn't a cold stone floor, they'd be digging a hole in the dirt somewhere",2
A very big hole.,1
And you will get them.one at a time.,0
It‚Äôs like he was saving it for his retirement,0
Noggins noggins noggins,0
Holy shit yeah you ARE right.,1
So beautiful and sweet!,1
They‚Äôre literally all choosing to be bundled up next to you and that is adorable.,1
I can understand why when looking at her eyes.,0
"Haha no I know I was keeping it going! But changing the tone with the question mark.¬†


Like a Ron Burgundy, ""I'm Ron Burgundy?""",1
"Did I hear ""Huff"" from her?! That actually sounds cute",1
https://preview.redd.it/l4k4i8vx7b3d1.jpeg?width=3456&format=pjpg&auto=webp&s=0db879e164f1fcccba7083e3274419b961daa27c,0
why?,0
"I'm going to take a guess and say that's why they're sitting at the top of the stairs‚Äîfrom that higher vantage point, they might be able to see the entire field of goats than if they're in the middle of the paddock and have to keep a 360 degree watch",1
It might help them respond to threats in the distance faster if they can see everything from on high.,1
Wow,1
Our cats could be twins,0
"My guy turned 10 today!

https://preview.redd.it/2jh5ft1s7b3d1.jpeg?width=3024&format=pjpg&auto=webp&s=8f89a810e7e26d8b16d690837bbeea1ad1101ab0",0
![gif](giphy|wUrc9zZpRhRrW|downsized),0
"I don't want to be dramatic, but I would die for Mr",2
Gibbs.,0
Safe and vlessed!,1
Reminds me of the episode of Seinfeld where George tries to get the security guard a chair.,0
Name her OSHA.,0
https://preview.redd.it/l1kgqe557b3d1.jpeg?width=4032&format=pjpg&auto=webp&s=e882fd4b391536139660faa02a8123aa6e3fd199,0
"She looks like she wants to attack me, and I'm afraid to check her collar.",2
thank you guys!,0
Beauty and the Beast 2nd live action remake?,1
That's what couples do!,0
the pink top really fit her,1
A bit blurry tho still beautiful,1
"Or ‚ÄúStormy‚Äù, for the same reason.",0
It looks just like my cousin's Kelpie,0
Like..,0
"I think it is kicking in, man!",0
Omg that‚Äôs brilliant üòÇ,1
"Nah, I just thought saying ""noggins"" a few times would be fun.

I was right.",1
Ahhaha that's hilarious,1
thems some ears,0
Please stop filming me you weirdo,0
"Cat choose you, you don‚Äôt chose them",0
What cannot be safe? The kitty gonna drink ur blood when you sleep?,1
https://preview.redd.it/zy9yki476b3d1.jpeg?width=3024&format=pjpg&auto=webp&s=5f499cf6ddf7db6d7b06cd7877de5c349ac50092,0
He's having a feast,0
"cute pup!!! so he lasts as long as possible, please consider putting him on a diet",1
Small snakes are very cute,1
Gladly!,0
Oh yeah,0
I'm sure it is,1
There's no way that's ai,0
"Housecats routinely reach the size of adult tigers, with the added benefit that rather than hunting wildebeest, they like to chase the light from laser pointers instead",1
Jfc.,0
That's a lion ü§£ü§£,0
"Chocolate lab/German shepherd x aussie

Or Kelpie and something?",0
"Oh deer, it just fawned on me!",0
Weirdly looks like my gf‚Äôs dog who recently passed away.,2
Awwww,1
Do you know what breeds he is? Looks like the mutt I had growing up ‚ù§,0
Awwww,1
Do you know what breeds he is? Looks like the mutt I had growing up ‚ù§,0
"Pleasingly fluffy, I‚Äôd say!",1
I dunno‚Ä¶ Who told you?,0
No you won't.,0
"I'd bring a blanket out for the dog, he'd give me a wtf look and move away further.",2
I mean it's a weird battle you've chosen honestly,2
Mention the health dangers and move on,0
You're not accomplishing anything this way,0
I never knew this sub exists,0
"Exactly, it's not rocket science",1
"We have a greyhound so because of the short fur it's probably easier to tell if he's gaining weight but if he has gained weight we just cut down on the amount of food he has for his meals, or cut down on the treats until he maintains a stable weight",2
Not hard.,1
make me AWW,1
Nawwww baby biscuits!,1
Jesus,0
I inherited a chonker and I did put her on a diet and exercise regimen but it didn't change much,1
"She ended up dying from totally unrelated causes and so I'm glad I didn't torture her trying harder.

 In this case since you don't know what meds maybe going easier on op is in order.",1
"Hi OP, can you share the name of this place?",0
Happy barkday!,1
I wish I still had that problem‚Ä¶ üò¢,0
HE PROTECT,0
"https://preview.redd.it/mgiuz3u24b3d1.jpeg?width=4080&format=pjpg&auto=webp&s=9468ee61d787133c8ee8db1da93224c0eddf9fdd

Ah yes, Lego",0
https://preview.redd.it/6eb53wgv3b3d1.jpeg?width=3024&format=pjpg&auto=webp&s=e726be09d1ec6c0c0c034567ec054d91a91889e4,0
Sometimes I think that but then am grateful that my fur babies want to snuggle through the night and check that I'm still alive üòÇ,1
I fell in love,1
If not lapdog? Why lapdog shaped?,0
"> There is a real problem with people getting their egos wrapped up in this issue too.

How ironic...",1
The dog really said: yo.,1
Genetics really are wild and fascinating!! I was thinking about the multiple fathers thing too but even then it would be such a low chance of any male cat being calico,1
"Must be as you said, either the mom or dad(s) having genes for calico that weren‚Äôt expressed but were passed down",2
V cool,1
Is cat,0
Is acceptable.,0
Man im not gonna lie.,0
Kabang jump scared tf outta me..,0
I love photos of pets at hostels and hotels like this.,1
"""Sit!""

""Okay, go ahead.""",1
Do you ride him to the dog park?,0
I don't disagree with you with you but I would suggest that it is a matter best addressed between OP and their vet,1
"https://preview.redd.it/nwkgzwi42b3d1.jpeg?width=3000&format=pjpg&auto=webp&s=8b52446f062a40420ed4c00c78dc4f726e514074

My lovely wolf dog lady, Ta√Øga",1
Please tell Mr,0
"Gibbs that I said ""I love you, sir.""",1
This is Black Cat Sheriff (ÈªëÁå´Ë≠¶Èïø) on Douyin,2
"If you go to Douyin and type in the account number 95560813438 in the search box, you can see these videos",0
The owner isn't on Reddit,0
"Anyway, cute cat ‚ù§Ô∏è",1
David Goggins?,0
It‚Äôs curious George,2
"She knows she‚Äôs going to granny‚Äôs and opas when I get it out.

https://preview.redd.it/90clo6dm1b3d1.jpeg?width=3024&format=pjpg&auto=webp&s=25926295f04958a62e67a3dc4c1d97ee9c8a92a5",0
"Assuming you‚Äôre serious I understand the impulse to want these dogs cared for, but I‚Äôd also offer you this: A 2 year old Border Collie was ejected from a car crash",2
"It was frightened and ran away, only to be found on a farm two days later herding sheep.

The dogs in the pic would be *very* upset if they couldn‚Äôt see their goats.",1
I wanna hold himü•∫,0
"![gif](giphy|phFcBPTl79FQbEuvQ7)

Aww",1
Sardine looks like he's got a PhD in Cat Quirkiness‚Äîhe's purrfectly unique and ready to bring some extra charm to the shelter! ‚ù§Ô∏èüêæ,1
Cute is an understatement!,1
That‚Äôs so cute,1
"https://preview.redd.it/t8k0k7l31b3d1.jpeg?width=3024&format=pjpg&auto=webp&s=79054392bda0a1f250167afec712e4c679882c72

My 12 year old, Gracie",1
Senior peppers are the best!,1
I wish my cat and dog could both snuggle with me at the same time but they can‚Äôt just be calm next to each other üò≠,1
"Why they look angry at something? Like, mf is mad at being born.",2
Real talk.,1
"Kabang! I love her, she's a sweetheart!",1
Mushroom mushroom,0
My cat has a tin lunch box,0
She puts her little outfits in it,2
"I, on the other hand, have to pack her litter box, litter, and",2
Food,0
She does pack snackies in her suitcase,0
But I love it.,1
I have a feeling OP is one of those folks who just says they're perpetually working on it without actually doing anything,0
"It's dumb, as if weight comes out of thin air.

I'm realizing my mom is like this and I don't know how to fix it",2
I didn't visit for a while and then came to meet her obese dog..,0
I talked to her about it then..,0
"didn't visit for a while, dog is still the exact same",1
I tell her she should at least cut his food to 2/3rds since whatever she did before did nothing,2
"He's a big dog too, it's going to be awful for him if she doesn't fix it soon",2
"She just says, just like OP, ""we're trying.""

Folks get so dramatic about this",2
They act like putting less food in a bowl is some olympic effort,2
"It's actually extremely easy, and if you find it hard and nothing is changing then it's because you're still putting too much food in the bowl",1
"There's no ""I'm trying"" or ""we're working on it"" either you're feeding too much or you're not",1
I'm tired man,2
"It's like the third person I've seen this week making excuses for their pet never losing weight over years, and usually there's always people in the comments too defending it saying ""but they said they're working on it!"" I think we're fighting a losing battle.",2
Oh man this reminds me of a story about my old boy,1
I got my dog when I lived with two roommates about a decade ago now,0
I moved in with my girlfriend and during hurricane Harvey we had to evacuate our house and my old roommates said we could crash in their living room,1
"My dog went upstairs, and about 2 minutes later came back down with one of his old bones that I guess I missed when I moved out",2
My old roommates said they had never seen that bone before and he must have hidden it before we left,2
There was about a 4 year gap between then and he remembered exactly where he hid his stash,1
To this day he is as sharp as ever and I can not believe how much he retains in that old boy brain of his.,1
Mr gibbsüò≠‚ù§Ô∏è,0
r/dogswithjobs,0
I love his fashion sense!,1
Sweet right ü•πü©∑,1
"I love them, give them to me.",1
"Wow, ok‚Ä¶cat lives by its own rules",1
You‚Äôre fun.,1
He‚Äôs just a lil guy,0
Weird looking dog but still cute,1
Even cats find crocs hideous.,2
https://preview.redd.it/efvbueftya3d1.jpeg?width=3472&format=pjpg&auto=webp&s=6281e1d09b9a5c02c259eddc0a0bbcd979cf78be,0
What a heartbreaking story,0
We don't deserve animals.!!!,0
"1/3: **Waaaaahhhh.**

2/3: Wah.

3/3: Bleh.",0
I just went and read it out of curiosity,0
"One of the reasons stated was that he likes doggy ice cream...

There's been a problem lately with pet owners realizing that to shirk this responsibility they can just say ""we're working on it"" when in actuality they do nothing or at most make a token effort with no real change",1
Of course I don't know what can be done about,0
"Truthfully if this dog was owned by folks more committed to weight loss than OP than the dog would already have lost weight by now/never gained weight in the first place.

Logically it makes sense",1
"People that care about their pet's weight will be careful from the beginning and probably won't ever have a pet that's obese, since they'll diet the pet when they first hit the overweight stage",1
"People that are lazy/avoidant/defensive won't be inclined to ever admit it's their responsibility, so they let their pet get obese and of course those are the ones less likely to do something about it.

There is a real problem with people getting their egos wrapped up in this issue too",2
"People don't like to hear they are doing something wrong, even if their pet suffers for it",2
I hope OP actually tries harder instead of blaming it on meds and ice cream,2
"I do think it would help if there weren't so many apologists ready to jump to their defense at every turn ""how do you know this pet wasn't adopted yesterday??"" exhausting",1
Just take care of your pets folks and stop putting it off and actually fix the problem,0
The dog will die of old age long before OP actually helps it lose weight I suspect :/,2
it's up to him,0
you have 24 hours to prove yourself,0
Uncomfortable sleep is a price I‚Äôd be willing to pay,1
"Oh, deer! This is absolutely precious! Mama looks so proud, and those little fawns are beyond adorable",1
Nature's way of giving us all the feels,0
Just 20 minutes old and already stealing hearts in Wisconsin!,1
"Of course, they are!! Huge congrats to them.!!",1
they are healthy! unfortunately someone left them in a cardboard box outside the hospital so they are unclaimed,1
As oppose to living dead?,2
"Aww, that‚Äôs adorable! It‚Äôs like Mr",1
Gibbs unearthed a treasure from his puppyhood days,0
"At 12+, he‚Äôs the wise elder statesman of the canine world, reminiscing with a bone from the past",1
Give him an extra belly rub from me for being such a sweet and nostalgic pup! ü¶¥‚ù§Ô∏è,1
"Well, most of these is not about fawns, but okay",1
"I appriciate your help but it would have been nicer without calling me stupid or lazy considering I googled this topic, and on my mother tongue and every single link says otherwise",2
And lot of other other european sites too,2
"([like this](https://www.wildlifeaid.org.uk/golden-rules-if-you-find-a-fawn)) Maybe it is beacuse they are different species? Anyway, sorry for asking.",2
"The big boy deserves a few treats , hope u have given him something or we protest to get him his fair share , lmao",1
And a huge mix of absolutely handsome,1
ü¶á,0
"https://preview.redd.it/pwim1h78xa3d1.jpeg?width=3120&format=pjpg&auto=webp&s=f08223ec7cc828d3da5b257a568189ad2615ecfa

I have his twin",0
Happy birthday Klaus!ü•≥,1
Yeah dude You are right!! They are so cute and so adorable,1
What happened to them? I hope they're all alright.,0
Sorry for maybe inappropriate questions...,2
"Is it available for spooning? Also, I am in BC and willing to fly or drive",1
I will pay $1000 Canadian dollars to spoon for one hour,0
Overnight $2000,0
Please let me know asap as I am budgeting for the next couple of months this week,0
https://preview.redd.it/iu9y090rwa3d1.jpeg?width=4032&format=pjpg&auto=webp&s=78516ca2048eb0f8cfae77dea2805181da53ab8f,0
"Please leave working dogs alone, jfc.",0
hahaha,1
How many dogs and cats do you have?,1
"Bitch is obese as fuck
Good on u OP",1
Adorable! Where did you buy those crocs and bag? hahahaha I like it,1
Reddittors when they talk about dogs...,0
"Aww, she's so happy and content",1
What a cute little fluffball!,1
"They look over all the goats, the indoor goats and the outdoor goats",0
How cute! Goodness my cat also loves to do that,1
How old is he?,1
Very cute picture but please take off his collar before he goes into a wire crate - dogs can strangle themselves easily with their collars in wire crates and it happens surprisingly quickly,1
I have a little post-it note on my girl‚Äôs crate as a reminder!,2
Wholesome double toppy,1
Still had the back canines to chew,0
The front teeth are to grab meat with the canines and cuts some softer bits up,0
Dogs in the human life eating kibble.,0
Me with my balls,0
I love him üòç ü•π,1
"Yeah, you are right",1
Their smile is the best,1
Omg I would never leave,0
‚ù§Ô∏è,0
Cutest Name,0
"He looks mostly dog, but with a little bit of canine.
üòã",1
"Cat: meeeeoooooow *translation* human, remove these prison caps from my paws so that I may slash at you for removing me from my domicile",0
You have taken me from warmth and comfort and shall pay the price with cut legs and midnight zoomies that keeps you up for 3 hours.,0
Australian Shepard and something else,0
My dogs name is also Mr,0
Gibbs! We adopted him at 3 and the family we got him from said they got the inspiration from a pirates of the Caribbean character,0
"Where did you get the idea for yours? (We just call him Gibby now, or Gibbothy, gibbers, or any other Gibb heavy fun name we can think of)",2
"Poor bub :(

Does he like water? Maybe you could take him into the water for some exercise so it‚Äôs easier on him?",2
Agreed why would you want to with those sweet faces,1
Congrats you have lived my dreams 2x,1
why did it take me awhile to see the crocs tho? ü§£,0
Who's a happy little muffin maker??,1
I don't know why but any time I see a pet do the side glance cracks me up because it seems they are trying to get away with something lol,1
"As to this one, seems like the loveable goofball type, cute either way",1
Give em a squeeze for me.,0
My madre is a goat breeder,0
Anatolians are so fucking sweet! Literally the friendliest dogs I've ever met lol,1
"Just big goofy balls of fur, unless you threaten the herd",1
"They are also escape artists, you cannot contain them, even in pastures.

Once I visited my parents after being a way for a bit, and I was outside late smoking",2
The dog came BARRELING towards me like a damn polar bear,0
"I said ""Hi Thea"" and she turned into Gumby with a wagging tail.",1
https://preview.redd.it/5dsxehnyta3d1.jpeg?width=3000&format=pjpg&auto=webp&s=7a0e9c72cceaef6e40f8db50f703a431e82afcd6,0
No food aggression here,0
Confident doggo,1
"I'll take the other side of that bet, Thank you very much.",1
Brazilian mastiff,0
"Ooh, you're right! I wish I could just adopt the entire adorable family.",1
"Noggins, noggins, noggins.

Noggins.",0
Those eyes are so inviting,1
Looks like he‚Äôs mixed with a dog.,0
They've simply chosen the best location to ensure that *you* don't cause any trouble to their goats,1
üòÅ,0
I saw this type of dog all over Turkey- now that I know the breed name it makes sense!,0
You know eldest or not I would be hugging him so hard every opportunity I was giving.,2
"https://preview.redd.it/vnuzjo07ta3d1.jpeg?width=2697&format=pjpg&auto=webp&s=ce5910de7b840a077ceb085a849cef7fb9945abe

This one cracks me up.",0
Sure do,1
ü•π,0
Happy Birthday Klaus,1
üéÇ,0
She's a happy girl ü•∞,1
"Cats clean themselves with their tongue, usually for several hours each day",1
There is no need to bathe them,0
At all,0
Ever,0
Unless we‚Äôre taking about a medial condition,0
"You‚Äôre doing this to your cat for no good reason.

We have three cats",1
Before that we had two cats for 17 years,0
Never bathed some even once,0
The new kittens have been with us for 3 months now and there is no need to ever bath them,1
They would tear us to shreds.,0
He still should mind his damn dog lol.,1
Thank god your so smart bub.,1
"Fuck those kids, I bet Mr Gibbs has felt more love than those vile assholes will ever know.",1
Stop it! I'm to young to die of cute overload,1
How cute! Fawns are just the sweetest.!!,1
"https://preview.redd.it/h8wunp53sa3d1.jpeg?width=3072&format=pjpg&auto=webp&s=11ebb380de39e9b246c3fd39c049f6201a898983

My scruffy little gremlin, Cisco.",2
We need a real John Wick.,1
https://preview.redd.it/916bc9i1sa3d1.jpeg?width=269&format=pjpg&auto=webp&s=b532401ebfc88ab37399bf337adedbcd333fe064,0
The weird thing is they can practically read our minds,2
"When my granddaughter was taking her great Pyrenees home after it being with me several months, I was feeling a little sad",1
I sat on the arm of the couch looking out the window,0
The dog came over and laid his head in my lap to console me,0
They are quite the watch dogs and guard their humans as much as the livestock.,1
"awhhh, I want to punt those 2 mfs‚ù§Ô∏è",0
In pain? These dogs live and breathe for livestock and the farm life.,1
"I lost one of my snuggle bunnies last year, ""Kitty""",0
"I still have one cat to sleep with me, but there is one missing now",2
There are some days I wake up and swear I can feel him laying on my leg like he loved to do.,1
"Happy Birthday, Klaus! You're a handsome little guy!",1
Awwwww!!! üò≠ü•∫ I would love to hold one,1
They are outside dogs,0
They are comfy anywhere.,1
I used to worry my tossing and turning would hurt my cats so I generally kept them off the bed at first,1
I then gave up and let them sleep with me and I actually slept a lot better,1
I now only have one cat to sleep with me and she loves to sleep on my chest or stomach and I sleep better when she does.,1
It‚Äôs the old man pant.,1
So adorable ‚ù§Ô∏è,1
Very cute :),1
"Has a license, maybe she wants help going back home.",1
tried this with my cat,0
she did *not* appreciate it,0
Cats are liquid,0
I love Sardine,1
"He is a handsome, sweet boy",1
You guys are awesome for giving him all the loves,1
I wish I could adopt him.,0
Ditch the rawhide bones!,0
"Bow down, Hooman!",2
Living the good life!,1
VAAAAAAAAAAAAAAAAAAAAAAAAAAAAACAAAAAAAAAAAAAATIIIIIIIIIIIIIIIIIIIIIIIIIOOOOOOOOOOOOONNNNNNNN,0
They are so adorable.,1
https://preview.redd.it/0lm2dm58qa3d1.jpeg?width=3000&format=pjpg&auto=webp&s=cbe62b53e9304793c79e035aacaebbd53f9a3823,0
No your just get more,1
Trust me,0
I've been  there .,0
"Dog: ""The goats are fine, in case you were wondering.""",1
Amazing Hero!,1
üòç,0
How beautiful it is,1
That settles it then,0
Hotel stay just became a camping trip haha,1
Omg its an √°ngel,0
He is so happy,1
Good job parents,1
I DIDN'T HEAR A THING!,0
"https://preview.redd.it/z5f7dyi1pa3d1.jpeg?width=4032&format=pjpg&auto=webp&s=e31a6d4278ae302cbad59ed9b09c91b93fbff613

My model",0
Good girl!,1
Omg the way their ears move when they see you,0
"What is WI?

Women's Institute? I dunno what it means.",0
"Other than the cats I live with, that is the Cutest Cat Ever.",1
Tell us you‚Äôve never met a livestock guardian breed without actually telling us you‚Äôve never met a livestock guardian breed‚Ä¶.,0
He has the Gibbs energy,0
Something tells me they have one but still choose to sleep on the hard stone floor lol,1
At least that‚Äôs how my dog is,2
aww,1
Don't get an orange cat if you cant accept orange behavior,0
Congratulations on your marriage,0
"Aww, adorable! For 3 or 4 years, I had a mama deer that always had fawns, and always came in close to the house",1
"She would stand close to the outside of my patio door that my desk is in front of, and if I played piano, she would nose in until she was maybe 10 feet away, curious while her fawns ate my apples",2
"Since I've had my shepherd/heeler mix, I haven't seen her (stupid dog likes to chase them if they come within her invisible fence) and I miss her, but glad she's smart enough to stay away from the area within the fence",2
I still see her on the further parts of our land now and again and it makes me happy.,1
üòçüòçüòç,0
Please bring in wildlife rescue,0
This little one has curling ears which is a sign of dehydration,2
Mother may be dead and nobody is there to care for it.,2
you have been chosen,0
Incredibly cute.,1
"‚ÄúMeeooowww take these cat crocs offa me!!‚Äù



I have a pair in the same color üòä",1
Is he scared?,0
I've been feeling so down,2
This picture cheered me up a little bit,1
https://preview.redd.it/ssly57vrma3d1.jpeg?width=2708&format=pjpg&auto=webp&s=278a6b08c97ca1b06c966acac57df1d7178f8745,0
OP explains his weight problem above,0
God kids can be fucking sociopaths,2
Poor Mr,2
Gibbs.,0
I got deleted for my babies surgical photos,0
(Very conservative)..,1
"I agree this baby is cute but why was mine labeled different? 

?‚ù§Ô∏è

(Edit a cat and not a Pitt)",1
Best boys,1
They need a comfy mat or bed,1
r/AHHHH,0
I got deleted for my babies surgical photos,0
(Very conservative)..,1
"I agree this baby is cute but why was mine labeled different? 

?‚ù§Ô∏è

(Edit a cat and not a Pitt)",1
my Ash does the same but her brother doesn‚Äôt,0
she‚Äôs a vocal girl though,0
"Oh how I love the internet.

You: Here's a stupid thing I heard.

Everyone else: That's wrong.

You: Prove it!

You're the one making a stupid claim that you can't back up",2
You prove it,0
Or at the very least have the decency to google it yourself before asking someone else to prove it for you,2
"Are you really that lazy?

But since you'll try to claim some victory if no one does it, here's proof that you could have googled yourself in a matter of minutes:

Here's another reddit comment linking to the state of Maryland's wildelife department: https://www.reddit.com/r/aww/comments/1d2jerg/i_see_your_fawns_and_raise_you_this_guy_same_fawn/l6336d9/

Scientific American article: https://www.scientificamerican.com/article/fact-or-fiction-birds-abandon-young-at-human-touch/

Some other links:

* Article about rabbits (the exception, somewhat) based on research from Cornell University: https://petshun.com/article/do-rabbit-mothers-leave-baby-with-human-smell
* Article from a wildlife and science center: https://www.lensc.org/4-myths-about-baby-wildlife/
* Article from an organization dedicated to deer specifically: https://deerassociation.com/magic-myths-fawns/",1
"Nope OP said he can walk fine, he was just not used to the diaper yet",1
Incontinence is the only issue.,0
"Name that Catspression!

my guess is: ""How dare you?!""",0
Thank you for rescuing ![img](emote|t5_2qh1o|13379),0
cutie kitty bunny!!!,0
"This is what I call ""sleeping comfortably"" ‚ù§ My pet surrounding me ‚ù§‚ù§‚ù§‚ù§‚ù§",1
His eyes were boasting that he found the treasure!,0
No one is safe,1
Phase one of household domination completed.,1
"""Why do you keep on taking pics??? We are gonna be late!""",2
Invite the goats in too,0
She‚Äôs actually adorable though,1
Too adorable,1
Aww,1
She's a fighter üí™üèª,0
Tf..is that!?,0
![gif](giphy|xUA7bdHCwYgbeFODGU|downsized),0
"Bambiiiii

![gif](giphy|TIsmqui3jktip2rgTO|downsized)",0
No cropping of these natural ears,1
Wonderful people to not crop.,1
Mr,0
Gibbs has a Sweet Smile too,1
I wanna see them in person too üò≠ I envy youuu,0
"Just a FYI, he could lose some weight.

Easier on them old joints.",1
I vote for the name Sprout since she popped out of a downspout,0
<3,0
‚ò∫Ô∏èüêæüíõ,0
So cute! Is it on TikTok too? I love Goldens! I love all dogs & cats!,1
"We have had some Anatolian / Great Pyrenees mixes‚Ä¶ the amount of  ‚Äúduty‚Äù and ignore human, just protect, is insane",2
Best dogs ever but the look on their face when you say ‚Äúsit‚Äù is hilarious- it‚Äôs like they are waiting for you to sit lol.,1
They definitely would! Especially if they have an established flock/herd/etc to look after and you take them away.,1
yeah,0
"i think they are livestock guardian dog breeds, they are big and strong.¬†¬†¬†¬†¬†¬†¬†


their coats protect them from the cold very well, that's why they prefer to stay outdoors and, I'm guessing the reason they are outside the door is because the ground is cooler for them.",1
What are his crimes?,0
"He looks a lot like my parents coolie, an Australian working dog similar to a kelpie",1
I agree,0
"This breed of dog is hard wired to watch, protect and defend livestock",2
"It's not just in their training, it's in their blood over several generations",0
"I imagine they would be quite restless in the average suburban environment, like something wasn't quite right.",2
I thought this fawn had a hand reaching out to me,0
"It‚Äôs mostly awesome, but a few of the deer can be a bit greedy and aggressive",1
"I‚Äôve got a video of one nipping on an ex-gf‚Äôs sweatshirt as she speed walks away from, holding the cracker above her head; it kept trying to steal the crackers that she was trying to share with multiple deer; you can hear me hysterically laughing most of the vid as she‚Äôs dodging the deer, weaving around people, other deer, etc",2
üòÇ,0
Why is he so long?,2
you're trash.,0
"sorry, but not an awww animal....",2
that's not how Reddit works and you're terrible and gaslighting,2
have a bad day!,2
what a scumbag,0
I can't understand how this has so many upvotes and is being praised as cute when op is harassing both wildlife and anyone mentioning it,1
I'm sure I'll get a DM next from this loser.,1
*And what would you like to drink this evening...*,0
**A glass of cat...,0
White..,0
Shaken not stirred**,0
"It's sad, but thank you for giving him a loving home, that smile tell me that he doesn't think of those days at all anymore, he just thinks ""Bone bone bone..",1
"My humans!"" :) You're good people!",1
"Not OC, oldie but goodie ,saved this pic 4 yrs ago.",0
I‚Äôm a derrrrg,0
Proof?,0
I love his wee smile!,1
So sweet!,1
don't fucking touch wildlife,2
Aww,1
"Congrats!  Give her a pet from a Texan who has 3 fur machines, and holds them all dearly.",0
that smile at the end ü•∞,1
My boyfriend every time he sleeps plus with a half open eye,2
Are they the best men of the groom?,1
Ears suggest they are about to be cleared for take off.,0
Breaks 2 of the sub's rules.,0
Like some kind of collie mix?  Lab?  And super cute boi?!  ‚ô•Ô∏è‚ô•Ô∏è‚ô•Ô∏è,1
What do you feed them? ü§î,0
looks like she may have a collar and tag on looking at the picture,0
Have you tried looking at the tag? See if there's a phone number to call to have the cat's humans come and get it,0
"Also the cat's probably giving that face cause it's scared, had to cat sit my sister's cat and she give me that look for two days plus the nights she spent.",2
Tiny sniff has seen some sh*tüòÇ‚ù§Ô∏è,0
Turns out that the flight's delayed.,0
You apologize to him right now !,1
Jesus ü•≤,0
Those faces!! *clutches heart*,0
I sooooo wish not allergic to cats!,0
"Newp, not even your expiration can give you amnesty from the cuddle puddle....accept your fate.",0
Fracture!? Dog is missing the whole upper part of its mouth!,0
What a perfect name ! Sardiiiineeee!,1
"Wow, I wish I had that problem! My new cat terrorizes my older ones, so they need to be separated",1
Having them all get along would be a dream,0
Spot on with the tappa-tappies üò≠,0
Correct,0
Good boy?,1
That‚Äôs a lot of tortitude for 1 bed,1
Kabang the Hero Dog,0
I always shed a tear every time I see her photos,0
She actually lived a full life and even had pups of her own,1
"After her original owner passed away, she was adopted by a loving person.",1
Look at them big ole noggins,0
üíï,0
buZZZZzzzzz...,0
Kabang what a cool dog.,1
Then who would protect the goats? üò© Rural working dogs are happier outside guarding farm animals,0
"Plus they are probably so dirty, dusty and smelly you'd be smelling them on your furniture for weeks lol.",1
ü•π‚ù§Ô∏è,0
Lol yeah and it's a king,1
Is his first name Jethro? Please tell me it's Jethro.,1
Same here,0
Time to re-create bambie.,0
You couldn't cat your way out of a paper bag.,0
Wanna some treats?,0
"No they're not, no need for the dramatics",0
"They're working dogs doing their jobs, they are probably the happiest, most fulfilled dogs on the planet.",1
Haha thanks!,1
Hi Opie! I want to boop your cute lil snoot!,1
Sorry for your loss,2
My boy also suffers from CKD.,2
"Happy cake day, gross buddy!",1
https://preview.redd.it/9hk7o41iea3d1.jpeg?width=3024&format=pjpg&auto=webp&s=9e5497319cdafad3a7b1376012845f05ba79dc9a,0
He looks so proud of himself,1
What a sweetie ü•∞,0
"""Great! Nows my chance""- that doggo",1
sad and fat,2
Not a cat but r/blep,0
Aww cuties,1
Happy cake day.,1
Aww,1
Sleeps like how I do,0
Lol,1
![gif](giphy|tnYri4n2Frnig),0
The person that we bought our furniture from,0
Is the guy on the right a Shorkie?,1
This kinda sleep is usually unsatisfying,2
So who's going to tell him he's ugly?,2
That couch has a butthole.,0
At least you stay warm.,1
So I was right to name my male cat Hank.,1
seems to be a wonderful gentlemen,1
You've gotta love Siamese cats,1
"They definitely let you know that they are there, whether you want them or not lol",1
Thank you! Not the highest quality - as I took the pic with my phone,0
"But man, easy to see the extra tooth!",1
You are missing the other 3 cats,2
I call it sleeping plinko style.,0
What a gorgeous baby!!,1
"kitty cutieeee, let's travel!!",0
He is doing a great job,1
Thank you for sharing,0
It's acceptable because your cat is the boss of you.,0
![gif](giphy|JwVWLRnZkh2M0),0
"A little bit of wiggle bum, a whole lot of sassy pants, and a healthy dash of bestest boi",1
"Oh, and a smidge of tappa-tappies when he's on the tile and the treat jar comes out.",0
I have that yoga mat and floor‚Ä¶,0
Feel like a sir,0
"üòÇüòÇüòÇüò≠üò≠üò≠üò≠üò≠

This is straight up the same vibes as our recently put down cat",1
Yelling st us and loving walks,1
Oh hi im gonna eat this hand,1
He‚Äôs so ready üòèüòé,1
"https://preview.redd.it/q7uh6tceba3d1.jpeg?width=541&format=pjpg&auto=webp&s=619fd7965798ef0ca0ee8a59f82c848fc4babff0

In my hold-all, hanging off a coat hook üôÑüôÇ",0
So loving of there new sister even though there a potato,1
Puppy stoke and good vibes.,1
This is not my style human üôÑ,0
There is a demon inside it,0
I want to go to there.,0
Thank you,0
Yes it is,0
There's almost certainly Kelpy in him.,1
The family that allows these dogs to sleep here should have to spend every night there,0
These beautiful creatures are in pain,1
BLECCHH! Human beings are the worst beings...,2
He can‚Äôt eat it,0
Loossing teeth at a rapid pace,0
Doesn‚Äôt stop him from showing off.,0
"Even with actual sound and no shitty music, that was good",1
The brand is called Grecle.,0
"Back legs aren't working properly, they're getting the cat to use it's back legs to aid in recovery.",0
Bouncy crab,1
Tuxedo Cat,0
Covers all bases,0
White hair to cover dark clothes,2
Black hair to cover white clothes.,2
Sending you and Sardine all the best!,1
I missed my dog so much,1
These two helped with that,0
But I can‚Äôt let them inside Bcz they have to protect!,0
ü§£üëç,0
"He is a beautiful and sweet dog, but just a caution to all: rawhide bones are dangerous to doggos.",1
:(,0
Happy birthday wee bro üëäüèª,1
Caring parents,0
Those kitty crocs are adorable.,1
Adorable,1
I probably would have invited them inside last night,0
I would be totally missing my dog if I were in France without her üòú,2
"Of course, just had to document the masterpiece first",1
So cute!!,1
"https://preview.redd.it/pgyq46ad8a3d1.jpeg?width=3024&format=pjpg&auto=webp&s=41970eb3c56767433e8460c261bda6f09f8b18cc

Leo ready to party all Summer ![gif](emote|free_emotes_pack|grin)",1
Good job mama! ü•πüíñ,1
She‚Äôs absolutely beautiful!,1
That last pic tho,0
Precious ‚ù§Ô∏è,1
hooray belle.,0
"I‚Äôve trained myself to deal with it because I feel so terrible kicking my baby‚Äôs off, lol",2
"https://preview.redd.it/31tw09zy4a3d1.jpeg?width=1624&format=pjpg&auto=webp&s=0a7be40deaa570d4d5ca0559b1afa688ff5bd0a3

I like to think that I respect the laws of nature, and mostly let things run their natural course‚Ä¶ but I could not continue to listen to this hours old fawns painful screams for help",1
"Mama wasn‚Äôt close enough by my yard, and after 10 minutes of a fox clamping down on this little fellas head and attempting to drag it away, I stepped in",2
"(you can see some marks on its head and blood on the ear)  We snapped a few quick photos, and then I carried it out to the back field behind my home",2
"I stood guard from a reasonable distance, and an hour later, just as the sun was setting, mamma appeared and collected her newborn",1
"Some may argue that I have upset the circle of life, but i dont regret my decision to intervene",0
Be well and good luck young fawn!,1
"And now, you‚Äôre going to hear about it.",0
That's your fawn now.,0
Soot sprite!,0
Omg I love the suitcase lol,1
He's pissedü§£,0
"He looks homeless, crying out and begging for some cat treats to stash away in his suitcase, which just has the Crocs for his rear paws in it.",2
*I‚ÄôM A CAT!*,0
What a cute HOA..,1
Prick,0
Mrs,0
Rhea is not happy with my fashion choices for her,2
https://preview.redd.it/2yvjcyxz6a3d1.jpeg?width=621&format=pjpg&auto=webp&s=49fda6d63fe4fd8f8060c543eb5dfd1e97d463f0,0
When I reach the teenage stage I will look at this photo to remember why I love him.,1
ONE OF US ONE OF US ONE OF US ü§ñü§ñü§ñ,0
"Your house? I beg your pardon, this is his house.",0
Right,1
Is cute.,1
They are completely beautiful.,1
"My understanding is they happen more often to older human moms, too",1
"Everyone's thinkin' it I'm just sayin' it..

TREATS",0
Or work 12h shifts in construction,0
A genetic mutation that manifested within a week? The ears are noticeably straighter in the first pic,1
"She's a dog, who lost the upper part of her snout in a motorbike accident saving 2 kids",0
I think she's cute,1
x,0
Polka dot door?,0
[https://www.reddit.com/r/aww/comments/1d2z0g2/comment/l640kvq/?utm\_source=share&utm\_medium=web3x&utm\_name=web3xcss&utm\_term=1&utm\_content=share\_button](https://www.reddit.com/r/aww/comments/1d2z0g2/comment/l640kvq/?utm_source=share&utm_medium=web3x&utm_name=web3xcss&utm_term=1&utm_content=share_button),0
That guy is ZONKED.,0
This picture is so deer to me.,0
Gorgeous smile!!  üòä,1
Squeeeeeeee,0
I could definitely see some collie in him! According to his previous owner he‚Äôs mixed with Heeler and GSD!,2
Those raw bone is so dangerous for dogs,2
It can mess up the stomach real bad,2
Stop give the puppy those treat,0
It not healthy.,2
HOW ADORABLE ‚ù£Ô∏èüêæüêæ,1
"What kind of dog is he? He looks exactly like our Rexy did

https://preview.redd.it/3qm2d2gb5a3d1.jpeg?width=604&format=pjpg&auto=webp&s=03deafee37b9f270032114af6bf928cdcfd91d48",1
As they should have.,0
Is she deaf?,0
"Voldebork 

*he who must not be tamed*

ü•π",0
Wrong!    THE CUTEST ‚ù£Ô∏è,2
"Now, that‚Äôs perfect‚ù£Ô∏èüêæüêæ",0
"I have a dog that was born blind, and I tell ya, everyone who has ever met him comments on how he is the happiest creature they've ever seen",2
"He just spends the day bunny hopping around the house or dropping his ball down the stairs, chasing it, and running back up the stairs to drop it again",2
He has never wasted a single second of his life,2
He's devoted to joy.,1
Hims eepy,0
Eebing,0
Mimir.,0
"Mr Gibbs looks like a very good boy, but he also looks a bit chunky, maybe lay of the snackerinos for a bit.",1
Sad and relatable upvote üò¢,2
That‚Äôs awesome! My dog is sick right now so this is really comforting to see,1
"She seems fine to me, but maybe she is lost, or otherwise has lost her home",1
Suggest you have her checked for a chip.,0
"I see border collie and some sort of sighthound to perk those ears straight up

So rude, I‚Äôm so sorry - ETA he‚Äôs fuggin adorable and 100% best boii",1
"https://www.reddit.com/r/aww/comments/1d31wg7/at_22_my_great_uncle_dove_on_a_grenade_to_save/

This submission has been removed, due to the phrase ""died"" in your title",1
"This makes it appear to violate the **No ""sad"" content** rule",2
"Photos of animals that have passed away can be posted to /r/petloss.

Your title must be ""100% happy""",1
"No mentioning death, injury, RIP posts, finding abandoned animals, sick/survived cancer, pets being put to sleep, ""I miss..."", etc.

You may tell the complete story, unhappy parts and all, in the comments section.

Silver lining stories still fall under Rule 1",2
"For example, ""Jakey was hit by a car and had cancer, but he is a happy little fella today!"" is not allowed.

**You are more than welcome to repost with a happier title.**  

Accidents do happen, so if you feel this was in error please don't hesitate to [message the mods](http://www.reddit.com/message/compose?to=%2Fr%2Faww&subject=Please+reapprove&message=https://www.reddit.com/r/aww/comments/1d31wg7/at_22_my_great_uncle_dove_on_a_grenade_to_save/%0D%0DCan+you+please+re-approve+my+post%3F+It+isn't+sad+content%2C+it+isn't+a+sob+story%2C+and+it+doesn't+mention+that+an+animal+has+passed+away.) so that we can re-approve your post and improve our system.

**make sure you include the link to your post in the message you send us**        


*I am a bot, and this action was performed automatically",1
Please [contact the moderators of this subreddit](/message/compose/?to=/r/aww) if you have any questions or concerns.*,1
"You're clearly their preferred human.

Either that or you've got a higher body temperature.",1
Nice they give you the corner.,1
just new dipe goofin',1
stremntch :3,0
ü•∞üòäüòáüëç,0
Does not look happy!,1
Exactly,1
I call them to come to me.,0
Only fawns,0
Looks like everyone has their spot,0
I don't sleep well without my critters.,0
It‚Äôs like a tiny cheese grater,0
It'll be attracted to the odor of threading oil and pipe dope forever now,0
/s,0
No wonder,0
Look at that comforter,0
All I have is a cotton sheet and a lot of the time I don't use that,1
The fan cools better if it's blowing on bare skin,1
"In the winter, I only wear nightshirts",0
"Because when I get overheated by the fur covered heating pads sleeping with me, I stick a bare leg out into the cold room air.",2
And we're all gonna hear about em,0
What makes you think you have a say in the matter?,0
Correct,0
![gif](giphy|gADIWIZXc22Y12VfI1),0
He is indeed.,0
her curly hair perfectly fits on her! such a pretty dog! üíó,1
Pitbull and greyhound?,0
100% good doggo,1
"‚ÄúHow bendy is my cat‚Äù just give me a minute I‚Äôll go and see‚Ä¶‚Ä¶..

Sorry, can respond, got to go to the vets üò®*

*no cats were harmed in the production of this joke",2
‚ò∫Ô∏èü©∑‚ú®,0
Thank u üíô,0
I'm gonna deep fry them in my basement,0
Works well in winter,0
"In summer, keep a fan turned on the bed and sleep in shorts so the air blows over bare skin.",2
"Nice find, precious Kitten.",1
happy birthday üíó,1
And that day will seem very weird to you,2
The rare night when no furry companion snuggles with me is so strange that I call one to be next to me,1
"Because even if they annoy my sleep, after all this time, I can't go to sleep without them.",0
Make sure to match the sound!,1
"Sugar, spice, and everything nice.",1
L o n g B o i,0
https://preview.redd.it/1sntma322a3d1.jpeg?width=3024&format=pjpg&auto=webp&s=53c9a6837a9a445eda7f4b183e32636870680b97,0
Her feet <choke>,0
Phew I was worried you bunnapped it from its family!,0
Happy birthday!,1
"As long as you or a close relative has offspring who have offspring, you‚Äôre a success as far as evolution is concerned",1
"It doesn‚Äôt give a damn about any kind of good design, or at least what we consider good design.",1
"Smiling so big, thank you!!",0
What an awesome experience,1
"Of course I want them, but perhaps my girlfriend could have a couple on her side",0
agreed 100%,0
I was gonna ask if she got her tooth gap the same way our Einie did; tug of war with our other Corgi,2
She‚Äôs adorable!,1
He looks like he's been kicked out üò≠,0
What diapers do you use? My young cat (4 years old) has a similar issue.,1
lol Mr,1
Gibbs is very proud of himself indeed.,1
you don't want them ?,0
https://preview.redd.it/uxihfy651a3d1.jpeg?width=2048&format=pjpg&auto=webp&s=d755c78522dd70dc2faf843d5e7e99e576976e97,0
Yeah...,0
they look glorious.,0
Hahah she‚Äôs so beautiful,1
https://preview.redd.it/w5045j4u0a3d1.jpeg?width=1179&format=pjpg&auto=webp&s=f532168d8e97f73b0b5f8f7c874ee2494fe8edbc,0
That's a good boy!,1
so adorable! have fun cutie üíó,1
Evolution has a habit of calling it a day at 'good enough to reproduce',1
How can you resist that smileüòÅüíûüêæ,0
"aww proud of you belle, you indeed deserve a treats ‚ù§Ô∏è",1
"Yeah, that's pretty standard for these girls",1
thanks..,1
Oh no the cat got spilled,0
Right where he left it!,1
"this isn't my bunny, just one from the internet",0
"She‚Äôs always looking down her nose at me.

https://preview.redd.it/objju5kxz93d1.jpeg?width=1290&format=pjpg&auto=webp&s=c59e4b74c956ab134064ff729f11a00211f14cd9",2
I miss my boy,0
"My mom is thinking of getting a new cat to be  mouser, we currently have a mouse in our cabinets",1
"But the thought of a new cat just brings back memories I've made with my boy but also the fear it'll end up with the personality like my little sister's second cat, this cat is like dr hyde and mr jekyll to put in a way",1
One moment she's friendly demanding attention being all cute and the next she attacks,1
"Before anyone comes at me, this cat is spoiled! Two cat trees, a water fountain with moving water, toys, cardboxes to sleep as well as a bed",0
"My sister and her Boyfriend has had her since she was a kitten, they got her from a friend of theirs",0
I've asked my sister where she gets her attitude from and all I got was she gets it from her mother.,0
lovely pup üò¢,1
https://preview.redd.it/ooz4i3brz93d1.png?width=720&format=pjpg&auto=webp&s=19f685f0943fee729a5107e491a7c99bb3fca1f0,0
So very pleased with himself! ü•∞ü•∞ü•∞,1
Very special üíï,1
"Have many returning generational deer at deer camp in da U.P.
   We don‚Äôt hunt those ones they are 90% does  and fawns",1
They are the ‚Äúpets‚Äù,0
They love the orchard,1
And deer hay.,0
I effin wish,0
Went out to scout for it today for an hour,0
Momma tried to lead me in two different directions,0
First time I had thought I just spooked her but second time I was out of there.,1
Me too,0
I hope people keep posting these.,0
The goodest of best men.,1
It‚Äôs A lolsquid,0
It's a decorative plush.,0
She doesn't seem very friendly.,1
Snuggle worthy,1
It's easy,1
All you need to do is be a housecat.,0
What a sweet old pup! Give him a good retirement my friend,1
‚ù§Ô∏è,0
"You have no idea! He's full of so much energy, and rarely is it used for good üòÇ He keeps things interesting.",1
His eyes match the sky,0
Beautiful cat.,1
He is gorgeous! Love those side eye glances!,1
"Lots of ""common knowledge"" is wrong, including this.",2
Scrolled too far for this!,1
That‚Äôs bananas! üçå,0
"New band name, Megacolon",1
Called it.,0
Thx for what? A picture you found somewhere? Not your cat.,0
Haha,1
Thank you,0
"I'm just the kind of person who gets really silly about cute things and animals, and sing silly feline versions of lyrics to my cats, so pretty much any song I like gets a version",2
The one I mentioned here is not an exception üòÖ,0
"Thank you, we love her lots :)!",1
That is the most Garfield cat I have ever seen.,1
Mr,0
Gibbs is the goat üêê,0
How sad to see such overfed pets,2
:-(,0
And plan hijinxs and pranks together.,0
That one cute pupper,1
"Buffet-style, clearly",1
"At Chonk's All-You-Can-Monch Food Palace, we charge by the hour, not by the plate!",0
He is cwoisant,0
She's beautiful and I'm sure she loves her lace bodice and never tries to wriggle out of it.,1
That's a 25 lb,0
sack,0
I'm guessing the cat doesn't care what that implies about their weight and the size of their butt.,0
Crocodile tears.,0
"Better give in, he looks mad",2
How ood!,0
Nature seems to give every animal an 'Achilles heel',0
"Cats can taste meat extremely better than us, but not even slightly taste sugar",1
"They can survive off the blood of their victims and salt water, but those efficient kidneys shut down and make stones like no ones business",2
He growing to love you too,1
I remember that look from all of my little monsters when they were that size,2
It‚Äôs a memory to hang onto for the dark times in the world.,2
"This is true with all animals, even us.",1
Does he snore?,0
He was so proud.,1
i would like to know too,0
"Whenever I think of how amazing the theory of evolution is, I read some dumb shit like this lmao",1
They call me MISTER Gibbs.,0
"https://preview.redd.it/w42wzxncv93d1.jpeg?width=1284&format=pjpg&auto=webp&s=1ae4e754136b76e259029abccb7dbd856b80587c

This is in south Florida ü§£ü´∂",0
you both so lovely hahaha,1
Was he cut in half and out back together?,2
"My daughter asked ‚Äúwhat‚Äôs the point of dogs getting married?‚Äù

Handsome dudes.",1
r/dechonkers,0
"Hi Nova, I am Steve",0
I agree! If you don‚Äôt then it will definitely happen.,0
He says thank you!,0
"to none their legs lol

when my dogs do this I feel instantly claustrophobic",1
Ready to go,1
Thank you!üòªüòªüòªüòª,0
Those eyebrows make this goat look like Abe Vigoda!,0
This fawn loves you.,0
y‚Äôall have a special bond now,1
Awwww..,1
soon they will play together and that is moreee heartwarming!!,0
Looks like Archie enjoyed your company too!,1
"Siamese cats are hella talkative, every single one I've known have been yowling crazy cats",2
Or tickle her tummy.,0
Awwww those Lil nibblers,1
"Happy Birthday, Klaus!",1
I see you! Good to see you with a friend!,1
He looks likes he deserves a good birthday,1
Purrah for everyone.,0
"I hope not, because you'll be very very sad.",2
I would die for this cat,0
No hesitation.,0
Her story is not sad,1
Her story is amazing,1
"It would have been sad if her owner had just given up on her, which he did not and she had a good, long life.",1
Great kitty!  He's a keeper!,1
"What a lovely story, minus the cancer part , this dog lived better than a lot of people!",1
Good,1
Yes,0
This is good.,1
*She* is a dog,0
üòí,0
"Thanks, now I‚Äôm going to have to check her.",1
Ruff.¬† The speaker was basically growling the entire time.,0
"Lasagna, probably",0
Actually it's that male cat urethras are about a third the size of females as well as a windy path,0
1 in 3 male cats will have a urethral blockage at some point in their lives,0
Male cats are SUPER prone to urinary problems,1
She gots a flea on her snoot.,0
KITTEN [mittens](https://youtu.be/22O6Nmjt-mw?feature=shared),0
So Cute!,1
I‚Äôm just like her,0
Its acceptable because their a cat!üòåüòåüòå,0
